Timestamp (s), Speed (m/s), AccelerationX(m/s^2), AccelerationY(m/s^2),Throttle, Brake, Steer, Drag (N), Pitch (degrees), Heave (m),FR_Fz (N), FR_MaxGrip (N), FR_slipRatio, FR_SlipAngle (degrees), FR_Fx (N), FR_Fy (N), FR_SuspensionForce (N), FR_RollingResistance (N), FR_ContactX (m), FR_ContactY (m), FR_ContactZ (m),FL_Fz (N), FL_MaxGrip (N), FL_slipRatio, FL_SlipAngle (degrees), FL_Fx (N), FL_Fy (N), FL_SuspensionForce (N), FL_RollingResistance (N), FL_ContactX (m), FL_ContactY (m), FL_ContactZ (m),RR_Fz (N), RR_MaxGrip (N), RR_slipRatio, RR_SlipAngle (degrees), RR_Fx (N), RR_Fy (N), RR_SuspensionForce (N), RR_RollingResistance (N), RR_ContactX (m), RR_ContactY (m), RR_ContactZ (m),RL_Fz (N), RL_MaxGrip (N), RL_slipRatio, RL_SlipAngle (degrees), RL_Fx (N), RL_Fy (N), RL_SuspensionForce (N), RL_RollingResistance (N), RL_ContactX (m), RL_ContactY (m), RL_ContactZ (m)
139.0,  -0.0,  0.0,  0.0,   0.0,   0.0,   0.0,  0.0,   0.1,   0.1,2057.2,5924.8,   0.0,  -0.0,  -0.3,   0.0, 361.2,   0.9,  -9.3,  39.7,   0.1,2057.2,5924.8,   0.0,  -0.0,  -0.3,   0.0, 361.2,   0.9,  -8.9,  38.4,   0.1,1645.0,4754.0,   0.0,  -0.0,  -0.3,   0.0,   0.0,   0.7, -11.7,  38.9,   0.1,1645.0,4754.0,   0.0,  -0.0,  -0.3,   0.0,   0.0,   0.7, -11.2,  37.6,   0.1
140.0,  -0.0, -0.0,  0.0,   0.0,   0.0,   0.0,  0.0,  -0.0,   0.1,2105.5,6063.7,   0.0,  -0.0,   0.0,   0.0, 1478.7,   0.0,  -9.3,  39.7,   0.1,2105.5,6063.7,   0.0,  -0.0,   0.0,   0.0, 1478.7,   0.0,  -8.9,  38.4,   0.1,1596.8,4614.6,   0.0,  -0.0,   0.0,   0.0, 953.2,   0.0, -11.7,  38.9,   0.1,1596.8,4614.6,   0.0,  -0.0,   0.0,   0.0, 953.1,   0.0, -11.2,  37.6,   0.1
141.0,   0.0, -0.0,  0.0,   0.0,   0.0,   0.0,  0.0,  -0.0,   0.1,2106.7,6067.3,   0.0,   0.0,   0.0,   0.0, 1486.5,   0.1,  -9.3,  39.7,   0.1,2106.7,6067.3,   0.0,   0.0,   0.0,   0.0, 1486.5,   0.1,  -8.9,  38.4,   0.1,1595.5,4611.1,   0.0,   0.0,   0.0,   0.0, 970.0,   0.1, -11.7,  38.9,   0.1,1595.5,4611.1,   0.0,   0.0,   0.0,   0.0, 970.0,   0.1, -11.2,  37.6,   0.1
142.0,  -0.0, -0.0, -0.0,   0.0,   0.0,   0.0,  0.0,   0.0,   0.1,2103.0,6056.6,   0.0,   0.0,  -0.2,   0.0, 1486.0,   0.1,  -9.3,  39.7,   0.1,2103.0,6056.6,   0.0,   0.0,  -0.2,   0.0, 1486.2,   0.1,  -8.9,  38.4,   0.1,1599.2,4621.8,   0.0,   0.0,  -0.2,   0.0, 970.4,   0.1, -11.7,  38.9,   0.1,1599.2,4621.8,   0.0,   0.0,  -0.2,   0.0, 970.8,   0.1, -11.2,  37.6,   0.1
143.0,   0.0,  0.0, -0.0,   0.0,   0.0,   0.0,  0.0,   0.0,   0.1,2103.6,6058.4,   0.0,  -0.0,   0.1,   0.0, 1486.9,   0.0,  -9.3,  39.7,   0.1,2103.6,6058.4,   0.0,  -0.0,   0.1,   0.0, 1486.9,   0.0,  -8.9,  38.4,   0.1,1598.6,4620.0,   0.0,  -0.0,   0.0,   0.0, 969.3,   0.0, -11.7,  38.9,   0.1,1598.6,4620.0,   0.0,  -0.0,   0.0,   0.0, 969.3,   0.0, -11.2,  37.6,   0.1
144.0,   0.0,  0.0, -0.0,   0.0,   0.0,   0.0,  0.0,  -0.0,   0.1,2103.9,6059.2,   0.0,  -0.0,   0.1,   0.0, 1486.6,   0.1,  -9.3,  39.7,   0.1,2103.9,6059.2,   0.0,  -0.0,   0.1,   0.0, 1486.6,   0.1,  -8.9,  38.4,   0.1,1598.3,4619.1,   0.0,  -0.0,   0.1,   0.0, 969.7,   0.1, -11.7,  38.9,   0.1,1598.3,4619.1,   0.0,  -0.0,   0.1,   0.0, 969.7,   0.1, -11.2,  37.6,   0.1
145.0,  -0.0,  0.0, -0.0,   0.0,   0.0,   0.0,  0.0,   0.0,   0.1,2103.8,6058.8,   0.0,   0.0,   0.1,   0.0, 1486.5,   0.1,  -9.3,  39.7,   0.1,2103.8,6058.8,   0.0,   0.0,   0.1,   0.0, 1486.6,   0.1,  -8.9,  38.4,   0.1,1598.5,4619.5,   0.0,   0.0,   0.1,   0.0, 969.7,   0.1, -11.7,  38.9,   0.1,1598.5,4619.5,   0.0,   0.0,   0.1,   0.0, 969.8,   0.1, -11.2,  37.6,   0.1
146.0,   0.0,  0.0, -0.0,   0.0,   0.0,   0.0,  0.0,   0.0,   0.1,2103.8,6058.8,   0.0,   0.0,   0.1,   0.0, 1487.0,   0.0,  -9.3,  39.7,   0.1,2103.8,6058.8,   0.0,   0.0,   0.1,   0.0, 1487.0,   0.0,  -8.9,  38.4,   0.1,1598.5,4619.6,   0.0,   0.0,   0.1,   0.0, 969.1,   0.0, -11.7,  38.9,   0.1,1598.5,4619.6,   0.0,   0.0,   0.1,   0.0, 969.3,   0.0, -11.2,  37.6,   0.1
147.0,  -0.0, -0.0, -0.0,   0.0,   0.0,   0.0,  0.0,   0.0,   0.1,2103.8,6058.9,   0.0,  -0.0,  -0.0,   0.0, 1486.0,   0.0,  -9.3,  39.7,   0.1,2103.8,6058.9,   0.0,  -0.0,  -0.0,   0.0, 1486.0,   0.0,  -8.9,  38.4,   0.1,1598.4,4619.4,   0.0,  -0.0,  -0.0,   0.0, 969.7,   0.0, -11.7,  38.9,   0.1,1598.4,4619.4,   0.0,  -0.0,  -0.0,   0.0, 969.7,   0.0, -11.2,  37.6,   0.1
148.0,   0.0,  0.0, -0.0,   0.0,   0.0,   0.0,  0.0,   0.0,   0.1,2103.8,6058.9,   0.0,  -0.0,   0.0,   0.0, 1486.6,   0.0,  -9.3,  39.7,   0.1,2103.8,6058.9,   0.0,  -0.0,   0.0,   0.0, 1486.5,   0.0,  -8.9,  38.4,   0.1,1598.4,4619.5,   0.0,  -0.0,   0.0,   0.0, 970.0,   0.0, -11.7,  38.9,   0.1,1598.4,4619.5,   0.0,  -0.0,   0.0,   0.0, 969.9,   0.0, -11.2,  37.6,   0.1
149.0,   0.0,  0.0, -0.0,   0.0,   0.0,   0.0,  0.0,   0.0,   0.1,2103.8,6058.9,   0.0,  -0.0,  -0.1,   0.0, 1486.5,   0.1,  -9.3,  39.7,   0.1,2103.8,6058.9,   0.0,  -0.0,  -0.1,   0.0, 1486.5,   0.1,  -8.9,  38.4,   0.1,1598.4,4619.5,   0.0,  -0.0,  -0.1,   0.0, 970.2,   0.1, -11.7,  38.9,   0.1,1598.4,4619.5,   0.0,  -0.0,  -0.1,   0.0, 970.2,   0.1, -11.2,  37.6,   0.1
150.0,   0.0,  0.0, -0.0,   0.0,   0.0,   0.0,  0.0,   0.0,   0.1,2103.8,6058.9,   0.0,  -0.0,   0.1,   0.0, 1486.8,   0.1,  -9.3,  39.7,   0.1,2103.8,6058.9,   0.0,  -0.0,   0.1,   0.0, 1486.8,   0.1,  -8.9,  38.4,   0.1,1598.4,4619.5,   0.0,  -0.0,   0.1,   0.0, 969.3,   0.1, -11.7,  38.9,   0.1,1598.4,4619.5,   0.0,  -0.0,   0.1,   0.0, 969.3,   0.1, -11.2,  37.6,   0.1
151.0,  -0.0, -0.0, -0.0,   0.0,   0.0,   0.0,  0.0,   0.0,   0.1,2103.8,6058.9,   0.0,   0.0,  -0.0,   0.0, 1486.2,   0.0,  -9.3,  39.7,   0.1,2103.8,6058.9,   0.0,   0.0,  -0.0,   0.0, 1486.2,   0.0,  -8.9,  38.4,   0.1,1598.4,4619.4,   0.0,   0.0,  -0.0,   0.0, 969.9,   0.0, -11.7,  38.9,   0.1,1598.4,4619.4,   0.0,   0.0,  -0.0,   0.0, 969.9,   0.0, -11.2,  37.6,   0.1
152.0,   0.0,  0.0, -0.0,   0.0,   0.0,   0.0,  0.0,   0.0,   0.1,2103.8,6058.9,   0.0,   0.0,   0.1,   0.0, 1486.6,   0.1,  -9.3,  39.7,   0.1,2103.8,6058.9,   0.0,   0.0,   0.1,   0.0, 1486.6,   0.1,  -8.9,  38.4,   0.1,1598.4,4619.5,   0.0,   0.0,   0.1,   0.0, 969.7,   0.1, -11.7,  38.9,   0.1,1598.4,4619.5,   0.0,   0.0,   0.1,   0.0, 969.7,   0.1, -11.2,  37.6,   0.1
153.0,   0.0,  0.0, -0.0,   0.0,   0.0,   0.0,  0.0,   0.0,   0.1,2103.8,6058.9,   0.0,  -0.0,   0.1,   0.0, 1486.7,   0.1,  -9.3,  39.7,   0.1,2103.8,6058.9,   0.0,  -0.0,   0.1,   0.0, 1486.7,   0.1,  -8.9,  38.4,   0.1,1598.4,4619.5,   0.0,  -0.0,   0.1,   0.0, 969.5,   0.1, -11.7,  38.9,   0.1,1598.4,4619.5,   0.0,  -0.0,   0.1,   0.0, 969.5,   0.1, -11.2,  37.6,   0.1
154.0,   0.0,  0.0, -0.0,   0.0,   0.0,   0.0,  0.0,   0.0,   0.1,2103.8,6058.9,   0.0,  -0.0,   0.0,   0.5, 1486.6,   0.0,  -9.3,  39.7,   0.1,2103.8,6058.9,   0.0,  -0.0,   0.0,   0.5, 1486.4,   0.0,  -8.9,  38.4,   0.1,1598.4,4619.5,   0.0,  -0.0,   0.0,   0.4, 969.9,   0.0, -11.7,  38.9,   0.1,1598.4,4619.5,   0.0,  -0.0,   0.0,   0.4, 969.3,   0.0, -11.2,  37.6,   0.1
155.0,   0.0,  0.0, -0.0,   0.0,   0.0,   0.0,  0.0,   0.0,   0.1,2103.8,6058.9,   0.0,  -0.0,   0.1,   0.0, 1486.7,   0.1,  -9.3,  39.7,   0.1,2103.8,6058.9,   0.0,  -0.0,   0.1,   0.0, 1486.7,   0.1,  -8.9,  38.4,   0.1,1598.4,4619.5,   0.0,  -0.0,   0.1,   0.0, 969.5,   0.1, -11.7,  38.9,   0.1,1598.4,4619.5,   0.0,  -0.0,   0.1,   0.0, 969.5,   0.1, -11.2,  37.6,   0.1
156.0,   0.1,  6.1, -0.0,   1.0,   0.0,   0.0,  0.0,   0.0,   0.1,1910.6,5502.4,  -1.0,   0.0, -26.7,   0.0, 1490.6,  26.7,  -9.3,  39.7,   0.1,1910.6,5502.4,  -1.0,   0.0, -26.7,   0.0, 1490.6,  26.7,  -8.9,  38.4,   0.1,1791.6,5177.9,  -1.0,   0.0, 2833.1,   0.0, 981.6,  26.9, -11.7,  38.9,   0.1,1791.6,5177.9,  -1.0,   0.0, 2833.1,   0.0, 981.6,  26.9, -11.2,  37.6,   0.1
157.0,   1.4, -0.1, -0.0,   1.0,   0.0,   0.0,  0.8,  -0.0,   0.1,2108.4,6072.2,  -0.0,  -0.0, -29.5,   0.0, 1490.5,  29.5,  -8.1,  40.1,   0.1,2108.4,6072.2,  -0.0,  -0.0, -29.5,   0.0, 1490.4,  29.5,  -7.6,  38.8,   0.1,1593.8,4606.2,  -0.0,  -0.0, -23.9,   0.0, 978.0,  23.9, -10.4,  39.3,   0.1,1593.8,4606.2,  -0.0,  -0.0, -23.9,   0.0, 977.7,  23.9, -10.0,  38.1,   0.1
158.0,   3.6,  2.9, -0.0,   1.0,   0.0,   0.0,  5.1,   0.0,   0.1,2010.8,5791.1,   0.0,   0.0, -28.2,   0.0, 1487.8,  28.2,  -5.9,  40.8,   0.1,2010.8,5791.1,   0.0,   0.0, -28.2,   0.0, 1488.1,  28.2,  -5.4,  39.5,   0.1,1691.4,4888.2,   0.0,   0.0, 1209.6,   0.0, 973.5,  25.4,  -8.2,  40.0,   0.1,1691.4,4888.2,   0.0,   0.0, 1209.6,   0.0, 974.0,  25.4,  -7.8,  38.8,   0.1
159.0,   9.0, 13.2,  0.3,   1.0,   0.0,   0.0, 32.6,   0.0,   0.1,1664.0,4792.3,   0.1,   0.0, -23.3,  95.2, 1492.3,  23.3,  -0.0,  42.2,   0.1,1701.4,4900.0,   0.1,   0.0, -23.8,  97.1, 1518.3,  23.8,   0.2,  40.9,   0.1,2000.8,5782.4,   0.1,  -0.0, 3512.2,  76.9, 969.7,  30.0,  -2.4,  41.7,   0.1,2038.2,5890.5,   0.1,  -0.0, 3517.8,  78.3, 1030.4,  30.6,  -2.2,  40.4,   0.1
160.0,  16.2, -0.4,-21.5,   1.0,   0.0,  -1.0,105.4,  -0.0,   0.1,3363.0,9685.5,   0.4,   0.4, -47.1, 9562.9, 1432.6,  47.1,  12.6,  41.2,   0.1,884.8,2548.2,   0.5,   0.4, -12.4, 2517.0, 1501.7,  12.4,  12.5,  39.8,   0.1,2817.4,8142.4,   0.3,   0.0, 3274.9, 5015.5, 848.0,  42.3,  10.2,  41.4,   0.1,625.8,1808.5,   0.4,   0.0, 1704.3, 605.0, 992.9,   9.4,  10.0,  40.1,   0.1
161.0,  21.4,  8.2, -0.5,   1.0,   0.0,   0.0,183.7,   0.0,   0.1,1870.3,5386.3,   0.4,   0.0, -26.2,  13.2, 1517.1,  26.2,  29.4,  32.2,   0.1,1806.8,5203.5,   0.4,   0.0, -25.3,  12.5, 1526.5,  25.3,  28.6,  31.2,   0.1,1895.4,5477.8,   0.4,   0.0, 2968.4, 135.8, 1015.4,  28.4,  27.5,  33.8,   0.1,1832.0,5294.4,   0.4,   0.0, 2968.8, 131.8, 1043.6,  27.5,  26.7,  32.7,   0.1
162.0,  24.7,  7.1, -1.8,   1.0,   0.0,   0.0,245.1,  -0.0,   0.1,1979.3,5700.3,   0.4,   0.0, -27.7, 218.0, 1424.8,  27.7,  40.8,  12.3,   0.1,1775.3,5112.8,   0.4,   0.0, -24.9, 195.6, 1527.2,  24.9,  39.5,  12.0,   0.1,1927.0,5568.9,   0.4,   0.0, 2697.8, 241.2, 836.5,  28.9,  40.3,  14.7,   0.1,1723.0,4979.3,   0.4,   0.0, 2701.4, 215.8, 1059.6,  25.8,  39.0,  14.4,   0.1
163.0,  27.8,  5.9, -0.6,   1.0,   0.0,   0.0,308.9,   0.0,   0.1,1950.0,5616.1,   0.2,   0.0, -27.3,  97.1, 1506.6,  27.3,  41.1, -14.2,   0.1,1874.9,5399.8,   0.2,   0.0, -26.2,  93.4, 1481.2,  26.2,  39.8, -14.0,   0.1,1827.3,5280.8,   0.3,   0.0, -27.4, 130.9, 1011.8,  27.4,  41.5, -11.8,   0.1,1752.2,5063.8,   0.3,   0.0, -26.3, 125.9, 957.2,  26.3,  40.1, -11.6,   0.1
164.0,  25.9, -4.1,-24.8,   1.0,   0.0,  -1.0,269.3,  -0.0,   0.1,3671.0,10572.5,   0.4,   0.6, -51.4, 10258.9, 1511.9,  51.4,  28.8, -38.2,   0.1,821.9,2366.9,   0.4,   0.6, -11.5, 2297.2, 1465.6,  11.5,  28.0, -37.2,   0.1,2880.4,8324.2,   0.4,   0.1, 2422.0, 7437.5, 1036.9,  43.2,  30.7, -36.6,   0.1,625.8,1808.5,   0.4,   0.1, 1504.9, 1002.9, 936.7,   9.4,  29.8, -35.6,   0.1
165.0,  20.7,  7.6, -0.4,   1.0,   0.0,   0.0,171.8,   0.0,   0.1,1880.2,5415.1,   0.3,   0.0, -26.3,  42.1, 1497.9,  26.3,   7.5, -42.2,   0.1,1836.8,5290.0,   0.2,   0.0, -25.7,  39.0, 1517.2,  25.7,   7.8, -40.9,   0.1,1865.4,5391.0,   0.4,   0.0, 2966.0, 128.8, 986.1,  28.0,   9.9, -42.7,   0.1,1822.0,5265.5,   0.4,   0.0, 2966.6, 126.6, 1033.1,  27.3,  10.2, -41.5,   0.1
166.0,  18.8, -5.1,-11.9,   0.0,   0.0,  -1.0,142.0,   0.2,   0.1,2891.0,5435.1,   0.2,   0.5, -40.5, 5310.8,   0.0,  40.5, -10.1, -32.1,   0.2,1523.2,2863.6,   0.3,   0.5, -21.3, 2799.1,  91.9,  21.3,  -9.2, -31.1,   0.3,2179.0,4118.3,   0.2,   0.1, -32.7, 3312.2,  32.4,  32.7,  -8.3, -33.8,   0.1,811.2,1533.2,   0.3,   0.1, -12.2, 1259.2,   0.0,  12.2,  -7.4, -32.8,   0.1
167.0,   0.3, -0.8, -7.0,   0.0,   0.0,   0.0, 28.5,   0.1,   0.1,2515.1,4728.5,  29.1,   1.5, -35.2, 2612.2, 507.5,  35.2, -13.3, -19.0,   1.4,1708.3,3211.5,  27.6,   1.5, -23.9, 1759.0, 1400.9,  23.9, -13.1, -20.3,   1.3,1994.0,3768.6,  31.5,   1.5, -29.9, 2080.5, 3977.5,  29.9, -15.7, -19.3,   1.1,1187.1,2243.6,  29.5,   1.5, -17.8, 1228.1,   0.0,  17.8, -15.5, -20.7,   1.1
168.0,   1.6,  1.8, -0.5,   1.0,   0.0,   0.0,  1.0,  -0.1,   0.1,2091.6,3932.1,   2.0,   0.0, -29.3,  29.7, 1569.6,  29.3, -13.2, -17.0,   1.5,2034.1,3824.1,   1.9,   0.0, -28.5,  28.7, 1511.9,  28.5, -13.9, -18.1,   1.4,1668.1,3152.8,   1.9,  -0.0, 361.6, 320.1, 870.6,  25.0, -15.2, -15.6,   1.4,1610.6,3044.1,   1.7,  -0.0, 1127.9, 309.2, 806.5,  24.2, -16.0, -16.7,   1.3
169.0,   8.2,  6.9,  0.2,   1.0,   0.0,   0.0, 27.1,   0.0,   0.1,1868.3,3512.4,   0.5,  -0.0, -26.2, 202.3, 1741.8,  26.2,  -9.4, -19.5,   1.5,1895.4,3563.4,   0.5,  -0.0, -26.5, 205.1, 1910.9,  26.5, -10.2, -20.6,   1.4,1806.8,3414.8,   0.3,  -0.0, 3019.7,  98.6, 765.8,  27.1, -11.5, -18.1,   1.5,1833.9,3466.1,   0.3,  -0.0, 3020.6, 100.4,   0.0,  27.5, -12.2, -19.2,   1.4
170.0,  12.3,  1.1, -0.9,   0.0,   0.0,   0.0, 60.5,  -0.1,   0.1,2145.7,4033.9,   0.2,  -0.0, -30.0, 201.3, 2684.0,  30.0,  -0.8, -25.2,   0.9,2037.2,3829.8,   0.2,  -0.0, -28.5, 148.9, 2684.7,  28.5,  -1.5, -26.3,   0.7,1665.1,3147.0,   0.2,  -0.0, -25.0, 155.0, 3022.3,  25.0,  -2.8, -23.9,   1.1,1556.5,2941.8,   0.2,  -0.0, -23.3, 140.0, 3574.0,  23.3,  -3.6, -25.0,   0.9
171.0,  12.6,  0.2,  0.7,   0.0,   0.0,   0.0, 63.2,   0.1,   0.1,2032.0,3820.2,  -0.1,  -0.0, -28.4, 345.4, 1996.3,  28.4,   9.5, -32.2,   0.2,2111.2,3969.1,  -0.1,  -0.0, -29.6, 310.7, 1862.4,  29.6,   8.8, -33.3,   0.1,1591.0,3007.0,   0.0,  -0.0, -23.9, 373.8,   0.0,  23.9,   7.5, -30.8,   0.4,1670.2,3156.6,   0.0,  -0.0, -25.1, 417.1,   0.0,  25.1,   6.7, -31.9,   0.2
